"Class","sum(Opt_Weights)"
"Stock",0.454656803290336
"Commodity",0.316613689761484
"ETF",0.225701485862586
"Bond",0.00288885847432501
"Crypto",0
