"Geo.Zone","sum(Opt_Weights)"
"Europe",0.410466383571733
"Other",0.316613689761484
"Asia",0.141137152863552
"US",0.116427494068977
"World",0.0152161171229853
"Global",0
"South America",0
