"Class","sum(Opt_Weights)"
"ETF",0.502723995332693
"Stock",0.18
"Bond",0.171147952731491
"Crypto",0.0798692961262531
"Commodity",0.0662945825413916
